{
    "parent": "item/generated",
    "textures": {
        "layer0": "item/paper"
    },
    "overrides": [
        { "predicate": { "custom_model_data": 100000 }, "model": "item/custom/artifacts/horn_of_oracle" },
		{ "predicate": { "custom_model_data": 100001 }, "model": "item/custom/artifacts/horn_of_oracle_r" },
		{ "predicate": { "custom_model_data": 100002 }, "model": "item/custom/artifacts/horn_of_oracle_g" },
		{ "predicate": { "custom_model_data": 100003 }, "model": "item/custom/artifacts/horn_of_oracle_b" },
		{ "predicate": { "custom_model_data": 100004 }, "model": "item/custom/artifacts/horn_of_oracle_p" },
		{ "predicate": { "custom_model_data": 100010 }, "model": "item/custom/artifacts/crown_of_resistance" },
		{ "predicate": { "custom_model_data": 100011 }, "model": "item/custom/artifacts/crown_of_resistance_r" },
		{ "predicate": { "custom_model_data": 100012 }, "model": "item/custom/artifacts/crown_of_resistance_g" },
		{ "predicate": { "custom_model_data": 100013 }, "model": "item/custom/artifacts/crown_of_resistance_b" },
		{ "predicate": { "custom_model_data": 100014 }, "model": "item/custom/artifacts/crown_of_resistance_p" },
		{ "predicate": { "custom_model_data": 100020 }, "model": "item/custom/artifacts/cup_of_exiles" },
		{ "predicate": { "custom_model_data": 100021 }, "model": "item/custom/artifacts/cup_of_exiles_r" },
		{ "predicate": { "custom_model_data": 100022 }, "model": "item/custom/artifacts/cup_of_exiles_g" },
		{ "predicate": { "custom_model_data": 100023 }, "model": "item/custom/artifacts/cup_of_exiles_b" },
		{ "predicate": { "custom_model_data": 100024 }, "model": "item/custom/artifacts/cup_of_exiles_p" },
		{ "predicate": { "custom_model_data": 100030 }, "model": "item/custom/artifacts/tome_of_justice" },
		{ "predicate": { "custom_model_data": 100031 }, "model": "item/custom/artifacts/tome_of_justice_r" },
		{ "predicate": { "custom_model_data": 100032 }, "model": "item/custom/artifacts/tome_of_justice_g" },
		{ "predicate": { "custom_model_data": 100033 }, "model": "item/custom/artifacts/tome_of_justice_b" },
		{ "predicate": { "custom_model_data": 100034 }, "model": "item/custom/artifacts/tome_of_justice_p" },
		{ "predicate": { "custom_model_data": 100040 }, "model": "item/custom/artifacts/arargyrite" },
		{ "predicate": { "custom_model_data": 100041 }, "model": "item/custom/artifacts/biosporite" },
		{ "predicate": { "custom_model_data": 100042 }, "model": "item/custom/artifacts/tridihydrite" },
		{ "predicate": { "custom_model_data": 100043 }, "model": "item/custom/artifacts/azurmellite" },
		{ "predicate": { "custom_model_data": 100050 }, "model": "item/custom/artifacts/arargyrite_shards" },
		{ "predicate": { "custom_model_data": 100051 }, "model": "item/custom/artifacts/biosporite_shards" },
		{ "predicate": { "custom_model_data": 100052 }, "model": "item/custom/artifacts/tridihydrite_shards" },
		{ "predicate": { "custom_model_data": 100053 }, "model": "item/custom/artifacts/azurmellite_shards" },
		{ "predicate": { "custom_model_data": 110000 }, "model": "item/custom/null" }
    ]
}