{
    "providers": [
        {
			"type": "ttf",
			"file": "minecraft:negative_spaces.ttf",
			"shift": [0.0, 0.0],
			"size": 10.0,
			"oversample": 1.0
		},
		{
            "type": "bitmap",
            "file": "minecraft:font/logo.png",
            "ascent": 11,
            "height": 35,
            "chars": [
                "\u1040"
            ]
        },
		{
            "type": "bitmap",
            "file": "minecraft:font/player.png",
            "ascent": 7,
            "height": 8,
            "chars": [
                "\u1041"
            ]
        },
        {
            "type": "bitmap",
            "file": "minecraft:font/booster.png",
            "ascent": 7,
            "height": 8,
            "chars": [
                "\u1042"
            ]
        },
        {
            "type": "bitmap",
            "file": "minecraft:font/vip.png",
            "ascent": 7,
            "height": 8,
            "chars": [
                "\u1043"
            ]
        },
        {
            "type": "bitmap",
            "file": "minecraft:font/curator.png",
            "ascent": 7,
            "height": 8,
            "chars": [
                "\u1044"
            ]
        },
        {
            "type": "bitmap",
            "file": "minecraft:font/blackout.png",
            "ascent": 128,
            "height": 256,
            "chars": [
                "\u10FF"
            ]
        }
    ]
}