{
    "providers": [
        {
            "type": "bitmap",
            "file": "minecraft:font/logo.png",
            "ascent": -1,
            "height": 21,
            "chars": [
                "\u1047"
            ]
        },
		{
            "type": "bitmap",
            "file": "minecraft:font/logo.png",
            "ascent": 6,
            "height": 8,
            "chars": [
                "\u1048"
            ]
        },
		{
            "type": "bitmap",
            "file": "minecraft:font/tech_col.png",
            "ascent": 8,
            "height": 9,
            "chars": [
                "\u1049"
            ]
        },
		{
            "type": "bitmap",
            "file": "minecraft:font/rebelion_col.png",
            "ascent": 7,
            "height": 9,
            "chars": [
                "\u1050"
            ]
        },
		{
            "type": "bitmap",
            "file": "minecraft:font/poker_col.png",
            "ascent": 8,
            "height": 9,
            "chars": [
                "\u1051"
            ]
        },
		{
            "type": "bitmap",
            "file": "minecraft:font/sun_col.png",
            "ascent": 7,
            "height": 9,
            "chars": [
                "\u1052"
            ]
        }
    ]
}