{
    "providers": [
		{
			"type": "ttf",
			"file": "minecraft:negative_spaces.ttf",
			"shift": [0.0, 0.0],
			"size": 10.0,
			"oversample": 1.0
		},
        {
            "type": "bitmap",
            "file": "minecraft:font/logo.png",
            "ascent": -1,
            "height": 21,
            "chars": [
                "\u1047"
            ]
        },
		{
            "type": "bitmap",
            "file": "minecraft:font/erudition_icon.png",
            "ascent": 8,
            "height": 9,
            "chars": [
                "\u1050"
            ]
        },
		{
            "type": "bitmap",
            "file": "minecraft:font/fearlessness_icon.png",
            "ascent": 7,
            "height": 9,
            "chars": [
                "\u1051"
            ]
        },
		{
            "type": "bitmap",
            "file": "minecraft:font/denial_icon.png",
            "ascent": 7,
            "height": 9,
            "chars": [
                "\u1052"
            ]
        },
		{
            "type": "bitmap",
            "file": "minecraft:font/admin_icon.png",
            "ascent": 8,
            "height": 9,
            "chars": [
                "\u1053"
            ]
        },
		{
            "type": "bitmap",
            "file": "minecraft:font/fractions.png",
            "ascent": 21,
            "height": 256,
            "chars": [
                "\u107A"
            ]
        },
		{
            "type": "bitmap",
            "file": "minecraft:font/fearlessness.png",
            "ascent": 25,
            "height": 256,
            "chars": [
                "\u107B"
            ]
        },
		{
            "type": "bitmap",
            "file": "minecraft:font/denial.png",
            "ascent": 25,
            "height": 256,
            "chars": [
                "\u107C"
            ]
        },
		{
            "type": "bitmap",
            "file": "minecraft:font/erudition.png",
            "ascent": 25,
            "height": 256,
            "chars": [
                "\u107D"
            ]
        },
		
		{
            "type": "bitmap",
            "file": "minecraft:font/donate.png",
            "ascent": 23,
            "height": 256,
            "chars": [
                "\u107E"
            ]
        },
		{
            "type": "bitmap",
            "file": "minecraft:font/blackout.png",
            "ascent": 50,
            "height": 256,
            "chars": [
                "\uE000"
            ]
        }
    ]
}